{
  "version": 1,
  "author": "Alessandro Prandi",
  "editor": "wokwi",
  "parts": [
    {
      "type": "wokwi-pi-pico",
      "id": "pico",
      "top": 42.05,
      "left": -14.92,
      "attrs": { "env": "micropython-20230426-v1.20.0" }
    },
    {
      "type": "wokwi-led",
      "id": "led1",
      "top": 42.04,
      "left": -177.67,
      "attrs": { "color": "red" }
    },
    { "type": "wokwi-potentiometer", "id": "pot1", "top": -0.57, "left": 110.48, "attrs": {} },
    {
      "type": "wokwi-resistor",
      "id": "r1",
      "top": 96.45,
      "left": -118.24,
      "attrs": { "value": "320" }
    }
  ],
  "connections": [
    [ "pico:GND.8", "pot1:GND", "black", [ "h26.45", "v20.32", "h56.66" ] ],
    [ "pico:3V3", "pot1:VCC", "red", [ "h20.78", "v6.79", "h84.99" ] ],
    [ "pot1:SIG", "pico:GP26", "green", [ "v0" ] ],
    [ "pico:GP4", "r1:2", "red", [ "h0" ] ],
    [ "r1:1", "led1:A", "red", [ "v0.32", "h-34.43" ] ],
    [ "pico:GND.2", "led1:C", "black", [ "h0" ] ]
  ],
  "dependencies": {}
}