{
  "version": 1,
  "author": "Alessandro Prandi",
  "editor": "wokwi",
  "parts": [
    { "type": "wokwi-breadboard-half", "id": "bb1", "top": 16.2, "left": -93.2, "attrs": {} },
    {
      "type": "wokwi-pi-pico",
      "id": "pico",
      "top": 64.05,
      "left": 291.6,
      "attrs": { "env": "micropython-20230426-v1.20.0" }
    },
    { "type": "wokwi-led", "id": "led1", "top": 44.4, "left": -63.4, "attrs": { "color": "red" } },
    {
      "type": "wokwi-led",
      "id": "led2",
      "top": 44.4,
      "left": -25,
      "attrs": { "color": "yellow" }
    },
    {
      "type": "wokwi-led",
      "id": "led3",
      "top": 44.4,
      "left": 13.4,
      "attrs": { "color": "green" }
    },
    {
      "type": "wokwi-resistor",
      "id": "r1",
      "top": 129.6,
      "left": -77.35,
      "rotate": 90,
      "attrs": { "value": "320" }
    },
    {
      "type": "wokwi-resistor",
      "id": "r2",
      "top": 129.6,
      "left": -38.95,
      "rotate": 90,
      "attrs": { "value": "320" }
    },
    {
      "type": "wokwi-resistor",
      "id": "r3",
      "top": 129.6,
      "left": -0.55,
      "rotate": 90,
      "attrs": { "value": "320" }
    },
    {
      "type": "wokwi-pushbutton",
      "id": "btn1",
      "top": 96.1,
      "left": 150.3,
      "rotate": 270,
      "attrs": { "color": "black", "bounce": "0" }
    }
  ],
  "connections": [
    [ "bb1:3b.j", "bb1:bn.2", "black", [ "v0" ] ],
    [ "bb1:7b.j", "bb1:bn.6", "black", [ "v0" ] ],
    [ "bb1:11b.j", "bb1:bn.9", "black", [ "v0" ] ],
    [ "bb1:4t.d", "pico:GP13", "red", [ "v0" ] ],
    [ "bb1:8t.d", "pico:GP14", "gold", [ "v0" ] ],
    [ "bb1:12t.d", "pico:GP15", "green", [ "v0" ] ],
    [ "led1:A", "bb1:4t.c", "", [ "$bb" ] ],
    [ "led1:C", "bb1:3t.c", "", [ "$bb" ] ],
    [ "led2:A", "bb1:8t.c", "", [ "$bb" ] ],
    [ "led2:C", "bb1:7t.c", "", [ "$bb" ] ],
    [ "led3:A", "bb1:12t.c", "", [ "$bb" ] ],
    [ "led3:C", "bb1:11t.c", "", [ "$bb" ] ],
    [ "r1:1", "bb1:3t.e", "", [ "$bb" ] ],
    [ "r1:2", "bb1:3b.i", "", [ "$bb" ] ],
    [ "r2:1", "bb1:7t.e", "", [ "$bb" ] ],
    [ "r2:2", "bb1:7b.i", "", [ "$bb" ] ],
    [ "r3:1", "bb1:11t.e", "", [ "$bb" ] ],
    [ "r3:2", "bb1:11b.i", "", [ "$bb" ] ],
    [ "pico:GND.4", "bb1:bn.25", "black", [ "h-15.89", "v-1.84" ] ],
    [ "bb1:26t.b", "pico:GP3", "blue", [ "v-5.27", "h89.52", "v35.27" ] ],
    [ "bb1:28b.i", "bb1:bn.23", "black", [ "v0" ] ],
    [ "btn1:1.l", "bb1:26b.h", "", [ "$bb" ] ],
    [ "btn1:2.l", "bb1:28b.h", "", [ "$bb" ] ],
    [ "btn1:1.r", "bb1:26t.c", "", [ "$bb" ] ],
    [ "btn1:2.r", "bb1:28t.c", "", [ "$bb" ] ]
  ],
  "dependencies": {}
}