{
  "version": 1,
  "author": "Alessandro Prandi",
  "editor": "wokwi",
  "parts": [
    {
      "type": "wokwi-pi-pico",
      "id": "pico",
      "top": 0,
      "left": 0,
      "attrs": { "env": "micropython-20230426-v1.20.0" }
    },
    {
      "type": "wokwi-buzzer",
      "id": "bz1",
      "top": -20.67,
      "left": -128.07,
      "attrs": { "volume": "0.1" }
    },
    { "type": "wokwi-potentiometer", "id": "pot1", "top": -32.36, "left": 107.26, "attrs": {} }
  ],
  "connections": [
    [ "bz1:2", "pico:GP5", "red", [ "v0" ] ],
    [ "bz1:1", "pico:GND.2", "black", [ "v0" ] ],
    [ "pot1:GND", "pico:GND.7", "black", [ "v0" ] ],
    [ "pot1:VCC", "pico:3V3", "red", [ "v0" ] ],
    [ "pot1:SIG", "pico:GP26", "green", [ "v0" ] ]
  ],
  "dependencies": {}
}