{
  "version": 1,
  "author": "Alessandro Prandi",
  "editor": "wokwi",
  "parts": [
    { "type": "wokwi-breadboard-half", "id": "bb1", "top": -12.6, "left": -179.6, "attrs": {} },
    {
      "type": "wokwi-pi-pico",
      "id": "pico",
      "top": 25.65,
      "left": 186,
      "attrs": { "env": "micropython-20230426-v1.20.0" }
    },
    { "type": "wokwi-potentiometer", "id": "pot1", "top": -10.9, "left": 307, "attrs": {} },
    { "type": "wokwi-led", "id": "led1", "top": 15.6, "left": -169, "attrs": { "color": "red" } },
    {
      "type": "wokwi-led",
      "id": "led2",
      "top": 15.6,
      "left": -140.2,
      "attrs": { "color": "green" }
    },
    {
      "type": "wokwi-led",
      "id": "led3",
      "top": 15.41,
      "left": -109.45,
      "attrs": { "color": "blue" }
    },
    {
      "type": "wokwi-led",
      "id": "led4",
      "top": 15.6,
      "left": -82.6,
      "attrs": { "color": "yellow" }
    },
    {
      "type": "wokwi-led",
      "id": "led5",
      "top": 15.6,
      "left": -53.8,
      "attrs": { "color": "white" }
    },
    {
      "type": "wokwi-led",
      "id": "led6",
      "top": 14.27,
      "left": -24.99,
      "attrs": { "color": "purple" }
    },
    { "type": "wokwi-led", "id": "led7", "top": 15.6, "left": 3.8, "attrs": { "color": "cyan" } },
    {
      "type": "wokwi-resistor",
      "id": "r1",
      "top": 91.2,
      "left": -182.95,
      "rotate": 90,
      "attrs": { "value": "320" }
    },
    {
      "type": "wokwi-resistor",
      "id": "r2",
      "top": 91.2,
      "left": -154.15,
      "rotate": 90,
      "attrs": { "value": "320" }
    },
    {
      "type": "wokwi-resistor",
      "id": "r3",
      "top": 91.2,
      "left": -125.35,
      "rotate": 90,
      "attrs": { "value": "320" }
    },
    {
      "type": "wokwi-resistor",
      "id": "r4",
      "top": 91.2,
      "left": -96.55,
      "rotate": 90,
      "attrs": { "value": "320" }
    },
    {
      "type": "wokwi-resistor",
      "id": "r5",
      "top": 91.2,
      "left": -67.75,
      "rotate": 90,
      "attrs": { "value": "320" }
    },
    {
      "type": "wokwi-resistor",
      "id": "r6",
      "top": 91.2,
      "left": -38.95,
      "rotate": 90,
      "attrs": { "value": "320" }
    },
    {
      "type": "wokwi-resistor",
      "id": "r7",
      "top": 91.2,
      "left": -10.15,
      "rotate": 90,
      "attrs": { "value": "320" }
    }
  ],
  "connections": [
    [ "bb1:bn.1", "bb1:1b.j", "black", [ "v0" ] ],
    [ "bb1:bn.4", "bb1:4b.j", "black", [ "v0" ] ],
    [ "bb1:bn.6", "bb1:7b.j", "black", [ "v0" ] ],
    [ "bb1:bn.9", "bb1:10b.j", "black", [ "v0" ] ],
    [ "bb1:bn.11", "bb1:13b.j", "black", [ "v0" ] ],
    [ "bb1:bn.14", "bb1:16b.j", "black", [ "v0" ] ],
    [ "bb1:bn.16", "bb1:19b.j", "black", [ "v0" ] ],
    [ "pico:GND.4", "bb1:bn.25", "black", [ "h0" ] ],
    [ "pico:3V3", "pot1:VCC", "red", [ "h0" ] ],
    [ "pot1:GND", "pico:GND.7", "black", [ "v0" ] ],
    [ "led1:A", "bb1:2t.c", "", [ "$bb" ] ],
    [ "led1:C", "bb1:1t.c", "", [ "$bb" ] ],
    [ "led2:A", "bb1:5t.c", "", [ "$bb" ] ],
    [ "led2:C", "bb1:4t.c", "", [ "$bb" ] ],
    [ "led3:A", "bb1:8t.c", "", [ "$bb" ] ],
    [ "led3:C", "bb1:7t.c", "", [ "$bb" ] ],
    [ "led4:A", "bb1:11t.c", "", [ "$bb" ] ],
    [ "led4:C", "bb1:10t.c", "", [ "$bb" ] ],
    [ "led5:A", "bb1:14t.c", "", [ "$bb" ] ],
    [ "led5:C", "bb1:13t.c", "", [ "$bb" ] ],
    [ "led6:A", "bb1:17t.c", "", [ "$bb" ] ],
    [ "led6:C", "bb1:16t.c", "", [ "$bb" ] ],
    [ "led7:A", "bb1:20t.c", "", [ "$bb" ] ],
    [ "led7:C", "bb1:19t.c", "", [ "$bb" ] ],
    [ "r1:1", "bb1:1t.d", "", [ "$bb" ] ],
    [ "r1:2", "bb1:1b.h", "", [ "$bb" ] ],
    [ "r2:1", "bb1:4t.d", "", [ "$bb" ] ],
    [ "r2:2", "bb1:4b.h", "", [ "$bb" ] ],
    [ "r3:1", "bb1:7t.d", "", [ "$bb" ] ],
    [ "r3:2", "bb1:7b.h", "", [ "$bb" ] ],
    [ "r4:1", "bb1:10t.d", "", [ "$bb" ] ],
    [ "r4:2", "bb1:10b.h", "", [ "$bb" ] ],
    [ "r5:1", "bb1:13t.d", "", [ "$bb" ] ],
    [ "r5:2", "bb1:13b.h", "", [ "$bb" ] ],
    [ "r6:1", "bb1:16t.d", "", [ "$bb" ] ],
    [ "r6:2", "bb1:16b.h", "", [ "$bb" ] ],
    [ "r7:1", "bb1:19t.d", "", [ "$bb" ] ],
    [ "r7:2", "bb1:19b.h", "", [ "$bb" ] ],
    [ "pot1:SIG", "pico:GP26", "green", [ "v0" ] ],
    [ "bb1:2t.d", "pico:GP0", "red", [ "v20.26", "h296.8", "v-49.06" ] ],
    [ "bb1:5t.d", "pico:GP1", "green", [ "v24.7", "h273.33", "v-43.9" ] ],
    [ "bb1:8t.d", "pico:GP2", "blue", [ "v29.13", "h247.19", "v-29.13" ] ],
    [ "bb1:11t.d", "pico:GP3", "gold", [ "v32.68", "h222.82", "v-23.07" ] ],
    [ "bb1:14t.d", "pico:GP4", "white", [ "v36.23", "h198.46", "v-16.86" ] ],
    [ "bb1:17t.d", "pico:GP5", "purple", [ "v39.78", "h174.98", "v-14.2" ] ],
    [ "bb1:20t.d", "pico:GP6", "cyan", [ "v0" ] ]
  ],
  "dependencies": {}
}