{
  "version": 1,
  "author": "Alessandro Prandi",
  "editor": "wokwi",
  "parts": [
    {
      "type": "wokwi-pi-pico",
      "id": "pico",
      "top": 0,
      "left": 0,
      "attrs": { "env": "micropython-20230426-v1.20.0" }
    },
    { "type": "wokwi-led", "id": "led1", "top": -2, "left": -142.07, "attrs": { "color": "red" } },
    {
      "type": "wokwi-resistor",
      "id": "r1",
      "top": 55.56,
      "left": -92.53,
      "attrs": { "value": "320" }
    }
  ],
  "connections": [
    [ "led1:C", "pico:GND.2", "black", [ "v0" ] ],
    [ "led1:A", "r1:1", "red", [ "v0" ] ],
    [ "r1:2", "pico:GP4", "red", [ "v0" ] ]
  ],
  "dependencies": {}
}