{
  "version": 1,
  "author": "Alessandro Prandi",
  "editor": "wokwi",
  "parts": [
    { "type": "wokwi-breadboard-half", "id": "bb1", "top": -22.2, "left": -170, "attrs": {} },
    {
      "type": "wokwi-pi-pico",
      "id": "pico",
      "top": 35.25,
      "left": 186,
      "attrs": { "env": "micropython-20230426-v1.20.0" }
    },
    { "type": "wokwi-led", "id": "led1", "top": 6, "left": -149.8, "attrs": { "color": "red" } },
    {
      "type": "wokwi-led",
      "id": "led2",
      "top": 6,
      "left": -111.4,
      "attrs": { "color": "yellow" }
    },
    {
      "type": "wokwi-led",
      "id": "led3",
      "top": 6,
      "left": -73,
      "attrs": { "color": "limegreen" }
    },
    {
      "type": "wokwi-pushbutton",
      "id": "btn1",
      "top": 67.1,
      "left": 13.1,
      "rotate": 90,
      "attrs": { "color": "red", "bounce": "0" }
    },
    {
      "type": "wokwi-pushbutton",
      "id": "btn2",
      "top": 67.1,
      "left": 80.3,
      "rotate": 90,
      "attrs": { "color": "yellow", "bounce": "0" }
    },
    {
      "type": "wokwi-resistor",
      "id": "r1",
      "top": 81.6,
      "left": -163.75,
      "rotate": 90,
      "attrs": { "value": "320" }
    },
    {
      "type": "wokwi-resistor",
      "id": "r2",
      "top": 81.6,
      "left": -125.35,
      "rotate": 90,
      "attrs": { "value": "320" }
    },
    {
      "type": "wokwi-resistor",
      "id": "r3",
      "top": 81.6,
      "left": -86.95,
      "rotate": 90,
      "attrs": { "value": "320" }
    }
  ],
  "connections": [
    [ "pico:GND.4", "bb1:bn.25", "black", [ "h0" ] ],
    [ "bb1:2b.i", "bb1:bn.1", "black", [ "v0" ] ],
    [ "bb1:6b.i", "bb1:bn.5", "black", [ "v0" ] ],
    [ "bb1:10b.i", "bb1:bn.8", "black", [ "v0" ] ],
    [ "led1:A", "bb1:3t.c", "", [ "$bb" ] ],
    [ "led1:C", "bb1:2t.c", "", [ "$bb" ] ],
    [ "led2:A", "bb1:7t.c", "", [ "$bb" ] ],
    [ "led2:C", "bb1:6t.c", "", [ "$bb" ] ],
    [ "led3:A", "bb1:11t.c", "", [ "$bb" ] ],
    [ "led3:C", "bb1:10t.c", "", [ "$bb" ] ],
    [ "btn1:1.l", "bb1:22t.d", "", [ "$bb" ] ],
    [ "btn1:2.l", "bb1:20t.d", "", [ "$bb" ] ],
    [ "btn1:1.r", "bb1:22b.i", "", [ "$bb" ] ],
    [ "btn1:2.r", "bb1:20b.i", "", [ "$bb" ] ],
    [ "btn2:1.l", "bb1:29t.d", "", [ "$bb" ] ],
    [ "btn2:2.l", "bb1:27t.d", "", [ "$bb" ] ],
    [ "btn2:1.r", "bb1:29b.i", "", [ "$bb" ] ],
    [ "btn2:2.r", "bb1:27b.i", "", [ "$bb" ] ],
    [ "r1:1", "bb1:2t.d", "", [ "$bb" ] ],
    [ "r1:2", "bb1:2b.h", "", [ "$bb" ] ],
    [ "r2:1", "bb1:6t.d", "", [ "$bb" ] ],
    [ "r2:2", "bb1:6b.h", "", [ "$bb" ] ],
    [ "r3:1", "bb1:10t.d", "", [ "$bb" ] ],
    [ "r3:2", "bb1:10b.h", "", [ "$bb" ] ],
    [ "bb1:3t.e", "pico:GP15", "red", [ "v0" ] ],
    [ "bb1:7t.d", "pico:GP14", "gold", [ "v0" ] ],
    [ "bb1:11t.d", "pico:GP13", "green", [ "v0" ] ],
    [ "bb1:29t.c", "pico:GP4", "orange", [ "v-1.44", "h47.89", "v48.67" ] ],
    [ "bb1:22t.b", "pico:GP3", "blue", [ "v-6.51", "h121.75", "v54" ] ],
    [ "bb1:20b.j", "bb1:bn.16", "black", [ "v0" ] ],
    [ "bb1:27b.j", "bb1:bn.22", "black", [ "v0" ] ]
  ],
  "dependencies": {}
}