{
  "version": 1,
  "author": "Alessandro Prandi",
  "editor": "wokwi",
  "parts": [
    { "type": "wokwi-breadboard-half", "id": "bb1", "top": -31.8, "left": -218, "attrs": {} },
    {
      "type": "wokwi-pi-pico",
      "id": "pico",
      "top": 6.45,
      "left": 147.6,
      "attrs": { "env": "micropython-20230426-v1.20.0" }
    },
    {
      "type": "wokwi-led",
      "id": "led1",
      "top": -13.2,
      "left": -197.8,
      "attrs": { "color": "red" }
    },
    {
      "type": "wokwi-led",
      "id": "led2",
      "top": -13.5,
      "left": -160.36,
      "attrs": { "color": "green" }
    },
    {
      "type": "wokwi-led",
      "id": "led3",
      "top": -13.2,
      "left": -121,
      "attrs": { "color": "yellow" }
    },
    {
      "type": "wokwi-led",
      "id": "led4",
      "top": -14.43,
      "left": -81.06,
      "attrs": { "color": "blue" }
    },
    {
      "type": "wokwi-resistor",
      "id": "r1",
      "top": 81.6,
      "left": -211.75,
      "rotate": 90,
      "attrs": { "value": "320" }
    },
    {
      "type": "wokwi-resistor",
      "id": "r2",
      "top": 81.6,
      "left": -173.35,
      "rotate": 90,
      "attrs": { "value": "320" }
    },
    {
      "type": "wokwi-resistor",
      "id": "r3",
      "top": 81.6,
      "left": -134.95,
      "rotate": 90,
      "attrs": { "value": "320" }
    },
    {
      "type": "wokwi-resistor",
      "id": "r4",
      "top": 81.6,
      "left": -96.55,
      "rotate": 90,
      "attrs": { "value": "320" }
    },
    {
      "type": "wokwi-pushbutton",
      "id": "btn1",
      "top": 47.34,
      "left": 22.7,
      "rotate": 90,
      "attrs": { "color": "black", "bounce": "0" }
    },
    { "type": "wokwi-potentiometer", "id": "pot1", "top": -1.3, "left": 297.4, "attrs": {} }
  ],
  "connections": [
    [ "pico:GND.4", "bb1:bn.25", "black", [ "h0" ] ],
    [ "bb1:bn.11", "bb1:14b.j", "black", [ "v0" ] ],
    [ "bb1:bn.8", "bb1:10b.j", "black", [ "v0" ] ],
    [ "bb1:bn.5", "bb1:6b.j", "black", [ "v0" ] ],
    [ "bb1:bn.1", "bb1:2b.j", "black", [ "v0" ] ],
    [ "bb1:28t.b", "pico:GP0", "#8f4814", [ "v0" ] ],
    [ "bb1:3t.c", "pico:GP6", "red", [ "v-1.62", "h-55.27", "v152.07", "h344.25", "v-92.36" ] ],
    [ "bb1:7t.c", "pico:GP7", "green", [ "v3.98", "h-88.07", "v153", "h344.25", "v-90.49" ] ],
    [ "bb1:11t.c", "pico:GP8", "gold", [ "v8.64", "h-118.08", "v154.87", "h344.25", "v-83.03" ] ],
    [ "bb1:15t.c", "pico:GP9", "blue", [ "v15.17", "h-149.01", "v155.8", "h342.39", "v-84.9" ] ],
    [ "pot1:GND", "pico:GND.6", "black", [ "v0" ] ],
    [ "pot1:VCC", "pico:3V3", "red", [ "v27.42", "h-106.14", "v-35.45" ] ],
    [ "pot1:SIG", "pico:GP26", "green", [ "v0" ] ],
    [ "led1:A", "bb1:3t.b", "", [ "$bb" ] ],
    [ "led1:C", "bb1:2t.b", "", [ "$bb" ] ],
    [ "led2:A", "bb1:7t.b", "", [ "$bb" ] ],
    [ "led2:C", "bb1:6t.b", "", [ "$bb" ] ],
    [ "led4:A", "bb1:15t.b", "", [ "$bb" ] ],
    [ "led4:C", "bb1:14t.b", "", [ "$bb" ] ],
    [ "btn1:1.l", "bb1:28t.c", "", [ "$bb" ] ],
    [ "btn1:2.l", "bb1:26t.c", "", [ "$bb" ] ],
    [ "btn1:1.r", "bb1:28b.h", "", [ "$bb" ] ],
    [ "btn1:2.r", "bb1:26b.h", "", [ "$bb" ] ],
    [ "led3:A", "bb1:11t.b", "", [ "$bb" ] ],
    [ "led3:C", "bb1:10t.b", "", [ "$bb" ] ],
    [ "r1:1", "bb1:2t.e", "", [ "$bb" ] ],
    [ "r1:2", "bb1:2b.i", "", [ "$bb" ] ],
    [ "r2:1", "bb1:6t.e", "", [ "$bb" ] ],
    [ "r2:2", "bb1:6b.i", "", [ "$bb" ] ],
    [ "r3:1", "bb1:10t.e", "", [ "$bb" ] ],
    [ "r3:2", "bb1:10b.i", "", [ "$bb" ] ],
    [ "r4:1", "bb1:14t.e", "", [ "$bb" ] ],
    [ "r4:2", "bb1:14b.i", "", [ "$bb" ] ],
    [ "bb1:bn.21", "bb1:26b.j", "black", [ "v0" ] ]
  ],
  "dependencies": {}
}